experiment,MAE,MSE,RMSE,R2
Ridge_Baseline,20.34402704394848,709.7416103777946,26.640976152870124,0.3913497340829347
Ridge_Extended,20.53152844176054,723.8593017009114,26.904633461560323,0.3792428821634366
Neural_Network_SVD,20.060034453977437,748.6848656574517,27.362106381955535,0.3579533228607964
Neural_Network_No_SVD,19.349163488829287,712.7832392372353,26.698000659922744,0.38874133662243615
